Workbook

Sheet Read Me
A1: Elora - UAT / End-to-End Test Cases
A3: What this is
A4: A checklist of manual test cases covering every feature built so far: accounts, browsing, cart,
A5: checkout, and every admin screen (products, variants, categories, banners, users, orders).
A7: How to use it
A8: 1. Open the 'Test Cases' sheet. Each row is one test.
A9: 2. Follow the Steps column against the live site, comparing what happens to Expected Result.
A10: 3. Fill in Pass/Fail (use the dropdown), Actual Result / Notes, Tested By and Date Tested.
A11: 4. Use AutoFilter on the header row to focus on one Module, Priority or Type at a time.
A12: 5. Check the 'Summary' sheet for running totals per module and overall pass/fail counts.
A14: Suggested order
A15: Auth & Accounts -> Storefront Browsing -> Cart -> Checkout & Orders, then the Admin modules,
... A27: - Columns are intentionally plain text/data only - nothing here is a live system credential.

Sheet Test Cases
A1: ID | B1: Module | C1: Priority | D1: Type | E1: Test Case | F1: Preconditions | G1: Steps | H1: Expected Result | I1: Pass / Fail | J1: Actual Result / Notes | K1: Tested By | L1: Date Tested
A2: TC-001 | B2: Auth & Accounts | C2: High | D2: Functional | E2: Register a new account | F2: Not signed in | G2: Open the account menu > Sign up. Enter a new username, email and an 8+ character password. Submit. | H2: Account is created, the popup closes, and the header shows the new name.
A3: TC-002 | B3: Auth & Accounts | C3: Medium | D3: Functional | E3: Register with a username already taken | F3: An account with username 'test' already exists | G3: Sign up using the username 'test' with a different email. | H3: Form shows 'That username is already taken' under the username field; no account is created.
A4: TC-003 | B4: Auth & Accounts | C4: Medium | D4: Functional | E4: Register with an email already in use | F4: An account with email a@b.com already exists | G4: Sign up using a different username but email a@b.com (try upper/lower case too). | H4: Form shows 'An account with that email already exists'; no duplicate account created.
A5: TC-004 | B5: Auth & Accounts | C5: Low | D5: Edge Case | E5: Register with an invalid username | F5: Not signed in | G5: Try a username under 3 characters or containing spaces/symbols, e.g. 'a!'. | H5: Field shows a validation message; form cannot be submitted.
A6: TC-005 | B6: Auth & Accounts | C6: Low | D6: Edge Case | E6: Register with a short password | F6: Not signed in | G6: Enter a password under 8 characters. | H6: Field shows 'Password must be at least 8 characters'.
A7: TC-006 | B7: Auth & Accounts | C7: Low | D7: Edge Case | E7: Register with mismatched confirm-password | F7: Not signed in | G7: Enter two different values in Password and Confirm password. | H7: Form shows 'Passwords do not match' and cannot be submitted.
A8: TC-007 | B8: Auth & Accounts | C8: High | D8: Functional | E8: Log in with username | F8: A registered account exists | G8: Sign in using the account's username and correct password. | H8: Login succeeds; header shows the account name.
A9: TC-008 | B9: Auth & Accounts | C9: High | D9: Functional | E9: Log in with email | F9: A registered account exists | G9: Sign in using the account's email (any case) and correct password. | H9: Login succeeds.
A10: TC-009 | B10: Auth & Accounts | C10: High | D10: Security | E10: Log in with wrong password | F10: A registered account exists | G10: Sign in with the correct username but a wrong password. | H10: Generic 'Invalid username or password' error. No indication of whether the username exists.
A11: TC-010 | B11: Auth & Accounts | C11: Medium | D11: Security | E11: Log in with an unknown account | F11: Not signed in | G11: Sign in with a username/email that has never been registered. | H11: Same generic 'Invalid username or password' error as a wrong password.
A12: TC-011 | B12: Auth & Accounts | C12: Medium | D12: Security | E12: Too many failed logins are rate-limited | F12: A registered account exists | G12: Attempt to log in with the wrong password 8 times in a row for the same account. | H12: After the 8th attempt, further attempts (even with the CORRECT password) are blocked for 15 minutes with a 'Too many failed attempts' message.
A13: TC-012 | B13: Auth & Accounts | C13: Medium | D13: Functional | E13: Session survives a page refresh | F13: Signed in | G13: Refresh the page. | H13: Still signed in; header still shows the account name.
... A98: TC-097 | B98: Reviews, Favorites & Comments | C98: Low | D98: Functional | E98: Delete your own review or comment | F98: You have posted a review/comment | G98: Delete it. | H98: It's removed from the product page.

Sheet Summary
A1: Elora UAT - Summary
A3: Overall
A4: Total test cases | B4: =COUNTA('Test Cases'!A2:A98)
A5: Passed | B5: =COUNTIF('Test Cases'!I2:I98,"Pass")
A6: Failed | B6: =COUNTIF('Test Cases'!I2:I98,"Fail")
A7: Blocked | B7: =COUNTIF('Test Cases'!I2:I98,"Blocked")
A8: Not yet tested | B8: =COUNTBLANK('Test Cases'!I2:I98)
A10: By Module
A11: Module | B11: Total | C11: Passed
A12: Auth & Accounts | B12: =COUNTIF('Test Cases'!B2:B98,A12) | C12: =COUNTIFS('Test Cases'!B2:B98,A12,'Test Cases'!I2:I98,"Pass")
A13: Storefront Browsing | B13: =COUNTIF('Test Cases'!B2:B98,A13) | C13: =COUNTIFS('Test Cases'!B2:B98,A13,'Test Cases'!I2:I98,"Pass")
A14: Cart | B14: =COUNTIF('Test Cases'!B2:B98,A14) | C14: =COUNTIFS('Test Cases'!B2:B98,A14,'Test Cases'!I2:I98,"Pass")
A15: Checkout & Orders | B15: =COUNTIF('Test Cases'!B2:B98,A15) | C15: =COUNTIFS('Test Cases'!B2:B98,A15,'Test Cases'!I2:I98,"Pass")
A16: Admin Access Control | B16: =COUNTIF('Test Cases'!B2:B98,A16) | C16: =COUNTIFS('Test Cases'!B2:B98,A16,'Test Cases'!I2:I98,"Pass")
A17: Admin - Categories | B17: =COUNTIF('Test Cases'!B2:B98,A17) | C17: =COUNTIFS('Test Cases'!B2:B98,A17,'Test Cases'!I2:I98,"Pass")
A18: Admin - Products | B18: =COUNTIF('Test Cases'!B2:B98,A18) | C18: =COUNTIFS('Test Cases'!B2:B98,A18,'Test Cases'!I2:I98,"Pass")
A19: Admin - Variants | B19: =COUNTIF('Test Cases'!B2:B98,A19) | C19: =COUNTIFS('Test Cases'!B2:B98,A19,'Test Cases'!I2:I98,"Pass")
A20: Admin - Banners | B20: =COUNTIF('Test Cases'!B2:B98,A20) | C20: =COUNTIFS('Test Cases'!B2:B98,A20,'Test Cases'!I2:I98,"Pass")
A21: Admin - Users | B21: =COUNTIF('Test Cases'!B2:B98,A21) | C21: =COUNTIFS('Test Cases'!B2:B98,A21,'Test Cases'!I2:I98,"Pass")
A22: Admin - Orders | B22: =COUNTIF('Test Cases'!B2:B98,A22) | C22: =COUNTIFS('Test Cases'!B2:B98,A22,'Test Cases'!I2:I98,"Pass")
A23: Security & Data Integrity | B23: =COUNTIF('Test Cases'!B2:B98,A23) | C23: =COUNTIFS('Test Cases'!B2:B98,A23,'Test Cases'!I2:I98,"Pass")
A24: Reviews, Favorites & Comments | B24: =COUNTIF('Test Cases'!B2:B98,A24) | C24: =COUNTIFS('Test Cases'!B2:B98,A24,'Test Cases'!I2:I98,"Pass")
